<?xml version="1.0" encoding="UTF-8"?>
<project-private xmlns="http://www.netbeans.org/ns/project-private/1">
    <editor-bookmarks xmlns="http://www.netbeans.org/ns/editor-bookmarks/2" lastBookmarkId="0"/>
    <open-files xmlns="http://www.netbeans.org/ns/projectui-open-files/2">
        <group>
            <file>file:/home/killer/NetBeansProjects/soft/src/NJ.java</file>
            <file>file:/home/killer/NetBeansProjects/soft/src/first.java</file>
            <file>file:/home/killer/NetBeansProjects/soft/src/ast1.java</file>
            <file>file:/home/killer/NetBeansProjects/soft/src/front1.java</file>
            <file>file:/home/killer/NetBeansProjects/soft/src/asss.java</file>
            <file>file:/home/killer/NetBeansProjects/soft/src/asta6.java</file>
            <file>file:/home/killer/NetBeansProjects/soft/src/NewJFrame.java</file>
        </group>
    </open-files>
</project-private>
